{
    "Lo Wu Station": { "Lat":22.5282191, "Long":114.1133432},
    "Fanling Station": { "Lat":22.492073, "Long":114.138691},
    "Tai Wo Station": { "Lat":22.4509995, "Long":114.1612209},
    "Tai Po Market Station": { "Lat":22.444547, "Long":114.170482},
    "University Station": { "Lat":22.4134548, "Long":114.2102967},
    "Racecourse Station": { "Lat":22.401083, "Long":114.2033947},
    "Sha Tin Station": { "Lat":22.382049, "Long":114.186856},
    "Tai Wai Station": { "Lat":22.3727071, "Long":114.1786167},
    "Kowloon Tong Station": { "Lat":22.3371583, "Long":114.1760929},
    "Mong Kok East Station": { "Lat":22.3221677, "Long":114.1725674},
    "Hung Hom Station": { "Lat":22.3033453, "Long":114.1814521},
    "Whampoa Station": { "Lat":22.3051353, "Long":114.1895675},
    "Yau Ma Tei Station": { "Lat":22.3133688, "Long":114.1705828},
    "Mong Kok Station": { "Lat":22.319253, "Long":114.169355},
    "Prince Edward Station": { "Lat":22.3250785, "Long":114.1683631},
    "Shek Kip Mei Station": { "Lat":22.3321178, "Long":114.168801},
    "Sham Shui Po Station": { "Lat":22.3307712, "Long":114.1622681},
    "Lok Fu Station": { "Lat":22.338026, "Long":114.187022},
    "Wong Tai Sin Station": { "Lat":22.3416327, "Long":114.1933144},
    "Diamond Hill Station": { "Lat":22.341046, "Long":114.20138},
    "Choi Hung Station": { "Lat":22.3348908, "Long":114.2089891},
    "Kowloon Bay Station": { "Lat":22.3231679, "Long":114.2141251},
    "Ngau Tau Kok Station": { "Lat":22.315556, "Long":114.2189818},
    "Lam Tin Station": { "Lat":22.306855, "Long":114.232733},
    "Yau Tong Station": { "Lat":22.2979299, "Long":114.2370054},
    "Tsuen Wan Station": { "Lat":22.3736788, "Long":114.1177168},
    "Tai Wo Hau Station": { "Lat":22.370758, "Long":114.124951},
    "Kwai Hing Station": { "Lat":22.3631475, "Long":114.1312055},
    "Kwai Fong Station": { "Lat":22.3568312, "Long":114.1278151},
    "Lai King Station": { "Lat":22.348416, "Long":114.126161},
    "Mei Foo Station": { "Lat":22.3375848, "Long":114.1379836},
    "Cheung Sha Wan Station": { "Lat":22.3354196, "Long":114.1562522},
    "Nam Cheong Station": { "Lat":22.3267772, "Long":114.1536799},
    "Quarry Bay Station": { "Lat":22.2878881, "Long":114.2097482},
    "Lei Tung Station": { "Lat":22.2407654, "Long":114.1565211},
    "Jordan Station": { "Lat":22.30492, "Long":114.171677},
    "Tsim Sha Tsui Station": { "Lat":22.2975719, "Long":114.1722049},
    "Central Station": { "Lat":22.2819989, "Long":114.1576766},
    "Kennedy Town Station": { "Lat":22.2812467, "Long":114.1288825},
    "HKU Station": { "Lat":22.283984, "Long":114.135042},
    "Sai Ying Pun Station": { "Lat":22.285533, "Long":114.142733},
    "Sheung Wan Station": { "Lat":22.2865251, "Long":114.1521628},
    "Fo Tan Station": { "Lat":22.3953695, "Long":114.1983372},
    "Lok Ma Chau Station": { "Lat":22.5148304, "Long":114.0656451},
    "Wan Chai Station": { "Lat":22.2775412, "Long":114.1731527},
    "Causeway Bay Station": { "Lat":22.2803747, "Long":114.1850421},
    "Fortress Hill Station": { "Lat":22.2883276, "Long":114.1938582},
    "North Point Station": { "Lat":22.2912707, "Long":114.2004947},
    "Tai Koo Station": { "Lat":22.2849916, "Long":114.2161276},
    "Shau Kei Wan Station": { "Lat":22.2792428, "Long":114.2288794},
    "Heng Fa Chuen Station": { "Lat":22.27681, "Long":114.2399117},
    "Tung Chung Station": { "Lat":22.289255, "Long":113.9414358},
    "Sunny Bay Station": { "Lat":22.3316913, "Long":114.0290545},
    "Tsing Yi Station": { "Lat":22.3584978, "Long":114.107672},
    "Admiralty Station": { "Lat":22.279412, "Long":114.164559},
    "Olympic Station": { "Lat":22.317771, "Long":114.16022},
    "Kwun Tong Station": { "Lat":22.312205, "Long":114.2263985},
    "AsiaWorld–Expo Station": { "Lat":22.3208341, "Long":113.9418389},
    "Airport Station": { "Lat":22.3158675, "Long":113.9365616},
    "Tai Shui Hang Station": { "Lat":22.408425, "Long":114.222716},
    "Lai Chi Kok Station": { "Lat":22.3368748, "Long":114.1483108},
    "Hong Kong Station": { "Lat":22.284377, "Long":114.1558673},
    "Po Lam Station": { "Lat":22.322511, "Long":114.257832},
    "Hang Hau Station": { "Lat":22.315596, "Long":114.264393},
    "LOHAS Park Station": { "Lat":22.2963175, "Long":114.2696132},
    "Tseung Kwan O Station": { "Lat":22.307436, "Long":114.260018},
    "Tiu Keng Leng Station": { "Lat":22.3042551, "Long":114.2526791},
    "Ocean Park Station": { "Lat":22.2487424, "Long":114.1745163},
    "Kowloon Station": { "Lat":22.304306, "Long":114.161475},
    "Chai Wan Station": { "Lat":22.264625, "Long":114.237139},
    "Siu Hong Station": { "Lat":22.4117535, "Long":113.9789961},
    "Tin Shui Wai Station": { "Lat":22.448281, "Long":114.004687},
    "Long Ping Station": { "Lat":22.4476789, "Long":114.0254876},
    "Yuen Long Station": { "Lat":22.4460876, "Long":114.0347702},
    "Tsuen Wan West Station": { "Lat":22.3684391, "Long":114.1096464},
    "Tin Hau Station": { "Lat":22.2824215, "Long":114.1917258},
    "Sai Wan Ho Station": { "Lat":22.2820984, "Long":114.2220997},
    "Austin Station": { "Lat":22.3052927, "Long":114.1661027},
    "East Tsim Sha Tsui Station": { "Lat":22.2948154, "Long":114.1734317},
    "Wu Kai Sha Station": { "Lat":22.4291816, "Long":114.2438989},
    "Ma On Shan Station": { "Lat":22.4248655, "Long":114.2318416},
    "Heng On Station": { "Lat":22.417835, "Long":114.2258673},
    "Shek Mun Station": { "Lat":22.387694, "Long":114.208349},
    "City One Station": { "Lat":22.3829028, "Long":114.2036965},
    "Sha Tin Wai Station": { "Lat":22.3770253, "Long":114.1949773},
    "Che Kung Temple Station": { "Lat":22.37476, "Long":114.185953},
    "Kam Sheung Road Station": { "Lat":22.4347676, "Long":114.0635271},
    "Hin Keng Station": { "Lat":22.363834, "Long":114.17079},
    "Ho Man Tin Station": { "Lat":22.3093594, "Long":114.1827294},
    "Kai Tak Station": { "Lat":22.33057, "Long":114.199549},
    "Disneyland Resort Station": { "Lat":22.3153543, "Long":114.0451876},
    "Tuen Mun Station": { "Lat":22.394875, "Long":113.973132},
    "South Horizons Station": { "Lat":22.2428603, "Long":114.1487444},
    "Wong Chuk Hang Station": { "Lat":22.248213, "Long":114.168051},
    "Sheung Shui Station": { "Lat":22.501257, "Long":114.127945}
  }