{
  "Allied Plaza, Prince Edward": { "Lat":22.3233336, "Long":114.1687758},
  "Amoy Plaza, Amoy Gardens, Kowloon Bay": { "Lat":22.3244614, "Long":114.2163021},
  "apm, Millennium City 5, Kwun Tong": { "Lat":22.312175, "Long":114.2251278},
  "Butterfly Plaza, Tuen Mun": { "Lat":22.3752484, "Long":113.9630632},
  "Causeway Bay Plaza, Causeway Bay": { "Lat":22.2802646, "Long":114.1828103},
  "Chater House, Central": { "Lat":22.2821264, "Long":114.1584695},
  "Cheung Fat Plaza, Tsing Yi": { "Lat":22.3621864, "Long":114.103363},
  "Cheung Sha Wan Plaza, Cheung Sha Wan": { "Lat":22.3370311, "Long":114.1487108},
  "China Hong Kong City, Tsim Sha Tsui": { "Lat":22.3005315, "Long":114.1678015},
  "Choi Ming Shopping Centre, Tiu Keng Leng": { "Lat":22.3042551, "Long":114.2526791},
  "Choi Yuen Plaza, Wong Tai Sin": { "Lat":22.3429615, "Long":114.1929813},
  "Chuk Yuen Plaza, Wong Tai Sin": { "Lat":22.3448175, "Long":114.1935089},
  "Chung Fu Plaza, Tin Shui Wai": { "Lat":22.4622193, "Long":113.9980862},
  "Chung On Shopping Centre, Ma On Shan": { "Lat":22.4216988, "Long":114.2267437},
  "City One Plaza, City One, Sha Tin": { "Lat":22.387043, "Long":114.203753},
  "Citygate Outlets, Tung Chung": { "Lat":22.2894343, "Long":113.9408813},
  "Citylink Plaza, Sha Tin New Town": { "Lat":22.3817578, "Long":114.1886372},
  "Cityplaza, Taikoo Shing": { "Lat":22.286721, "Long":114.217477},
  "Citywalk, Tsuen Wan": { "Lat":22.3687257, "Long":114.1140818},
  "Concord Square, Tsuen Wan": { "Lat":22.369734, "Long":114.115275},
  "Discovery Park, Tsuen Wan (D-PARK)": { "Lat":22.3764012, "Long":114.111548},
  "Domain, Yau Tong": { "Lat":22.2964354, "Long":114.23866},
  "Dragon Centre, Sham Shui Po": { "Lat":22.3310879, "Long":114.1597868},
  "E Plaza, Kwun Tong": { "Lat":22.3108771, "Long":114.2261728},
  "East Point City, Hang Hau": { "Lat":22.3163478, "Long":114.2649983},
  "The Edge, Tseung Kwan O": { "Lat":22.308629, "Long":114.261557},
  "Elements, Jordan": { "Lat":22.3047692, "Long":114.1612911},
  "EMAX, Kowloonbay International Trade & Exhibition Centre, Kowloon Bay": { "Lat":22.323807, "Long":114.20376},
  "Fashion Walk": { "Lat":22.280815, "Long":114.1852378},
  "Festival Walk, Kowloon Tong": { "Lat":22.3373517, "Long":114.1745657},
  "Fu Tung Plaza, Tung Chung": { "Lat":22.2888596, "Long":113.9424611},
  "Golden Computer Centre and Golden Computer Arcade, Sham Shui Po": { "Lat":22.3317623, "Long":114.1622803},
  "Harbour City, Tsim Sha Tsui": { "Lat":22.2950249, "Long":114.1668799},
  "Hing Wah Plaza, Chai Wan": { "Lat":22.2628843, "Long":114.2354888},
  "Home Square, Shatin": { "Lat":22.3852778, "Long":114.1877778},
  "Hysan Place, Causeway Bay": { "Lat":22.2797035, "Long":114.1838445},
  "Infinitus Plaza, Sheung Wan": { "Lat":22.2864399, "Long":114.1536781},
  "International Finance Centre, Central": { "Lat":22.28588, "Long":114.158131},
  "Island Beverley, Causeway Bay": { "Lat":22.2803892, "Long":114.1850451},
  "iSQUARE, Tsim Sha Tsui": { "Lat":22.297025, "Long":114.1718959},
  "K11, Tsim Sha Tsui": { "Lat":22.2974095, "Long":114.173575},
  "K11 Musea, Tsim Sha Tsui": { "Lat":22.294059, "Long":114.1741227},
  "Kolour Tsuen Wan, Tsuen Wan": { "Lat":22.3706219, "Long":114.1177482},
  "Kolour Yuen Long, Yuen Long": { "Lat":22.4430422, "Long":114.0281707},
  "Kornhill Plaza, Tai Koo": { "Lat":22.286721, "Long":114.217477},
  "Kowloon City Plaza, Kowloon City": { "Lat":22.3309857, "Long":114.1879624},
  "Kwai Chung Plaza, Kwai Chung": { "Lat":22.3581336, "Long":114.1276576},
  "Kwai Fong Plaza, Kwai Chung": { "Lat":22.3579121, "Long":114.1297226},
  "The Landmark, Central": { "Lat":22.280687, "Long":114.1576636},
  "Landmark North, Sheung Shui": { "Lat":22.5025848, "Long":114.1279107},
  "La Cite Noble, Hang Hau": { "Lat":22.3139559, "Long":114.266177},
  "Langham Place, Mong Kok": { "Lat":22.318175, "Long":114.168112},
  "Lek Yuen Plaza, Sha Tin": { "Lat":22.384186, "Long":114.1907288},
  "Lei Yue Mun Plaza, Yau Tong": { "Lat":22.2964001, "Long":114.2394189},
  "Lok Fu Plaza, Wang Tau Hom, Wong Tai Sin": { "Lat":22.3386875, "Long":114.1869917},
  "Lucky Plaza, Sha Tin": { "Lat":22.3826222, "Long":114.1912127},
  "Luk Yeung Galleria, Tsuen Wan": { "Lat":22.372988, "Long":114.1192703},
  "Lung Cheung Plaza (‘Lung Cheong Mall’), Wong Tai Sin": { "Lat":22.3425865, "Long":114.1857925},
  "Ma On Shan Plaza, Ma On Shan": { "Lat":22.4254804, "Long":114.2313545},
  "Man Yee Building": { "Lat":22.283613, "Long":114.1560855},
  "Maritime Bay Commercial Centre, Hang Hau": { "Lat":22.3148492, "Long":114.2657023},
  "Maritime Square, Tsing Yi Island": { "Lat":22.3584265, "Long":114.1081419},
  "MediLink Square, Yau Ma Tei": { "Lat":22.313367, "Long":114.170381},
  "Megabox, Kowloon Bay": { "Lat":22.3199795, "Long":114.2084331},
  "Metro City, Tseung Kwan O": { "Lat":22.3228497, "Long":114.2584272},
  "Metro Town, Tseung Kwan O": { "Lat":22.3049429, "Long":114.2518906},
  "Metroplaza, Kwai Chung": { "Lat":22.3574957, "Long":114.1269292},
  "Mikiki, San Po Kong": { "Lat":22.3336857, "Long":114.1971604},
  "Ming Tak Shopping Centre, Tseung Kwan O": { "Lat":22.3166476, "Long":114.2687672},
  "Mira Mall, Tsim Sha Tsui": { "Lat":22.3009412, "Long":114.172221},
  "Miramar Shopping Centre, Tsim Sha Tsui": { "Lat":22.3009412, "Long":114.172221},
  "Moko, Mong Kok": { "Lat":22.3231937, "Long":114.1723194},
  "Nam Fung Plaza, Hang Hau": { "Lat":22.315221, "Long":114.263995},
  "Nan Fung Centre, Tsuen Wan": { "Lat":22.3738014, "Long":114.1163447},
  "New Jade Shopping Arcade, Chai Wan": { "Lat":22.2639913, "Long":114.2370739},
  "New Town Plaza, Sha Tin": { "Lat":22.3817578, "Long":114.1886372},
  "New Town Plaza Phase 3, Sha Tin": { "Lat":22.3798128, "Long":114.1876669},
  "Ngan Shing Commercial Centre, City One Shatin, Shatin": { "Lat":22.386723, "Long":114.203232},
  "Ocean Terminal, Hong Kong, Tsim Sha Tsui": { "Lat":22.29507, "Long":114.167123},
  "Olympian City, Tai Kok Tsui": { "Lat":22.3167974, "Long":114.1614692},
  "On Tat Shopping Centre, On Tat": { "Lat":22.3203599, "Long":114.2344887},
  "OP Mall, Tsuen Wan": { "Lat":22.3681277, "Long":114.110274},
  "The ONE, Tsim Sha Tsui": { "Lat":22.2998055, "Long":114.172581},
  "Pacific Place, Admiralty": { "Lat":22.2771619, "Long":114.1662711},
  "Panda Place, Tsuen Wan": { "Lat":22.3688543, "Long":114.1206598},
  "Park Central, Tseung Kwan O": { "Lat":22.3071208, "Long":114.2572529},
  "Pioneer Centre, Prince Edward": { "Lat":22.3225511, "Long":114.1691147},
  "Plaza Hollywood, Diamond Hill": { "Lat":22.340554, "Long":114.2021768},
  "Popcorn, Tseung Kwan O": { "Lat":22.308065, "Long":114.259877},
  "Prince's Building, Central": { "Lat":22.2811963, "Long":114.1592117},
  "Provident Square, North Point": { "Lat":22.2924139, "Long":114.1971379},
  "The Pulse, Repulse Bay": { "Lat":22.235967, "Long":114.197918},
  "QRE Plaza, Wan Chai": { "Lat":22.2749857, "Long":114.1722029},
  "Sha Tin Centre, Sha Tin": { "Lat":22.381151, "Long":114.1878154},
  "Sha Tin Plaza, Sha Tin": { "Lat":22.3831876, "Long":114.1893997},
  "Shui Chuen O Plaza, Sha Tin": { "Lat":22.3737744, "Long":114.1971611},
  "Sino Centre, Mong Kok": { "Lat":22.3160575, "Long":114.1703633},
  "Siu Sai Wan Plaza, Siu Sai Wan": { "Lat":22.262948, "Long":114.249281},
  "Skyline Plaza, Tsuen Wan": { "Lat":22.3697939, "Long":114.1118854},
  "SkyMart, Hong Kong International Airport": { "Lat":22.315507, "Long":113.934823},
  "Sogo Hong Kong, Causeway Bay": { "Lat":22.2804272, "Long":114.1843032},
  "Sogo Hong Kong, Tsim Sha Tsui": { "Lat":22.295275, "Long":114.172697},
  "Stanley Plaza, Stanley[16]": { "Lat":22.2187469, "Long":114.2096241},
  "The Sun Arcade, Tsim Sha Tsui": { "Lat":22.2966975, "Long":114.1696098},
  "Sun Yuen Long Centre, Yuen Long": { "Lat":22.444645, "Long":114.034954},
  "Sunshine City Plaza, Ma On Shan": { "Lat":22.4241668, "Long":114.2314834},
  "Tai Po Mega Mall, Tai Po": { "Lat":22.4525939, "Long":114.1689861},
  "Tai Wo Plaza, Tai Po": { "Lat":22.4506687,